material,mass_g,database,release,dataset_name,dataset_uuid,dataset_version,geography,year,reference_flow_uuid,reference_amount_kg,reference_unit,source_url,retrieval_date,file_sha256,match_status,match_rationale,unresolved_upstream_input_count,uncharacterized_direct_output_flow_uuid_count,missing_flow_definition_exchange_count,nonreference_product_output_exchange_count,source_dataset_type,source_allocation_approach,broken_source_reference_count,source_use_advice
Stainless steel,186.00,TianGong LCA historical archive,0.2.0; commit c50cab7961e0b0ca11c26a600bd4c90fea6c6c32,"Stainless steel ; scrap steel,pig iron(lump)，ferrochrome alloy,direct reduction iron,slagging agent ; Electric furnace method ; All sizes; NESPS2",6fcb8304-d211-4c79-a9de-a1b07058ce02,00.01.005,CN,2019,de2a5069-b64b-412b-9abf-aecd9d946fbe,1000.0,kg,https://github.com/tiangong-lca/data/blob/c50cab7961e0b0ca11c26a600bd4c90fea6c6c32/tiangong_lca_data/processes/6fcb8304-d211-4c79-a9de-a1b07058ce02.xml,2026-10-08,fd8679219f8dea8eeff0a4eb64322d41519f5f8c317dbe02c0a09bd7402ea94a,provisional,Electric furnace steel route; alloy composition and kettle forming are not verified,0,2,1,3,"Unit process, single operation",,0,"This dataset is derived from the Pollution Source Census Report and contains information on pollution emissions and related products. However, it does not include data on energy or chemical consumption, nor does it provide information on waste or co-product generation. When utilizing this dataset, please supplement the missing data based on actual conditions before use"
Brass,20.25,TianGong LCA historical archive,0.2.0; commit c50cab7961e0b0ca11c26a600bd4c90fea6c6c32,Copper-zinc alloy ; Copper scrap+zinc ingot ; Reflection furnace ; All sizes; NESPS2,216385c1-5e30-4122-b31a-afcea87645c0,00.01.005,CN,2019,e422cfbf-5444-43ab-a68a-22be82e2ad47,1000.0,kg,https://github.com/tiangong-lca/data/blob/c50cab7961e0b0ca11c26a600bd4c90fea6c6c32/tiangong_lca_data/processes/216385c1-5e30-4122-b31a-afcea87645c0.xml,2026-10-08,1542f98fe92ac338f19bba8518a24984c149309d20ebb9127a7457b29487ef12,provisional,Copper-zinc alloy producing Brass; scrap route and part forming are not verified,0,3,1,1,"Unit process, single operation",,0,"This dataset is derived from the Pollution Source Census Report and contains information on pollution emissions and related products. However, it does not include data on energy or chemical consumption, nor does it provide information on waste or co-product generation. When utilizing this dataset, please supplement the missing data based on actual conditions before use"
Copper,15.00,TianGong LCA historical archive,0.2.0; commit c50cab7961e0b0ca11c26a600bd4c90fea6c6c32,copper production;cathode copper; primary production by bath smelting approach;sulfide ore,b70a631e-ea11-4b12-b42c-b0f507a72f6d,00.01.005,CN,2014,176d7abf-4f6c-4584-a720-f9a518ce7d2d,1000.0,kg,https://github.com/tiangong-lca/data/blob/c50cab7961e0b0ca11c26a600bd4c90fea6c6c32/tiangong_lca_data/processes/b70a631e-ea11-4b12-b42c-b0f507a72f6d.xml,2026-10-08,eeabc78cc9efdd685f0fbcf3e50ce94f8c86f558007582103650534d88cb8186,provisional,Primary refined copper; actual kettle copper grade and forming are not verified,8,3,0,1,"Unit process, single operation",Allocation - market value,1,"Users of this data should take into account the specific context of copper production in a western Chinese facility when applying the dataset in life cycle assessment. The inventory data are based on information from two different plants with distinct equipment and processes, and thus may not universally represent all copper production. Users must pay attention to this regional and technological specificity, especially when conducting comparative assessments. The use of PE-GaBi database for auxiliary materials and the modeling through GaBi 4 software for environmental burdens should be appropriately referenced. Impact assessments with the EI99 methodology should also consider the hierarchist perspective offered by this system."
Polypropylene (PP),350.25,TianGong LCA historical archive,0.2.0; commit c50cab7961e0b0ca11c26a600bd4c90fea6c6c32,"Polypropylene ; Propylene, ethylene, hydrogen, triethyl aluminum ; gas phase method ; All sizes; NESPS2",91a5462f-3a1a-49e9-afec-07b60609dfaf,00.01.005,CN,2019,54802cfb-bd58-4f85-9ebf-9e0616529c1c,1000.0,kg,https://github.com/tiangong-lca/data/blob/c50cab7961e0b0ca11c26a600bd4c90fea6c6c32/tiangong_lca_data/processes/91a5462f-3a1a-49e9-afec-07b60609dfaf.xml,2026-10-08,34f18802a7cff31e269871933738438c70284d577ce62ff40615cd8c18f13283,provisional,Gas-phase polypropylene; grade and injection molding are not verified,0,5,5,1,"Unit process, single operation",,0,"This dataset is derived from the Pollution Source Census Report and contains information on pollution emissions and related products. However, it does not include data on energy or chemical consumption, nor does it provide information on waste or co-product generation. When utilizing this dataset, please supplement the missing data based on actual conditions before use"
Polyvinyl chloride (PVC),43.50,TianGong LCA historical archive,0.2.0; commit c50cab7961e0b0ca11c26a600bd4c90fea6c6c32,polyvinyl chloride production ; primary polyvinyl chloride; 150000t/a ; ethylene,24fca75a-cefc-483b-8168-e349eb15c25b,00.01.005,YN-CN,2013,e9ba8900-4c21-4a2f-89c7-018cf30a01ea,1000.0,kg,https://github.com/tiangong-lca/data/blob/c50cab7961e0b0ca11c26a600bd4c90fea6c6c32/tiangong_lca_data/processes/24fca75a-cefc-483b-8168-e349eb15c25b.xml,2026-10-08,02b5164daac41f49128f1dcc784da9acefc0c7b3e9200775559dd332e1819bec,provisional,Primary PVC production; compound grade and extrusion are not verified,9,10,0,2,"Unit process, black box",,0,"When utilizing this data set for Life Cycle Assessment, ensure to include all life stages of primary PVC, from the VCM production, PVC polymerization, to the end-of-life phase including waste treatment and recycling processes if applicable. For accurate LCA modeling, also consider technology-specific energy use, transportation requirements, and direct emissions associated with each stage of the process. The use of the 2013 annual primary data should reflect technology practices and efficiencies from that year."
Nylon (grade unspecified),49.50,TianGong LCA historical archive,0.2.0; commit c50cab7961e0b0ca11c26a600bd4c90fea6c6c32,unknown,unknown,unknown,unknown,unknown,unknown,unknown,unknown,unknown,2026-10-08,unknown,unmatched,Nylon grade is not specified in the BOM; archive candidates are fiber processes,0,0,0,0,unknown,unknown,0,unknown
Polyoxymethylene (POM),9.75,TianGong LCA historical archive,0.2.0; commit c50cab7961e0b0ca11c26a600bd4c90fea6c6c32,unknown,unknown,unknown,unknown,unknown,unknown,unknown,unknown,unknown,2026-10-08,unknown,unmatched,No defensible matching production process found in archive,0,0,0,0,unknown,unknown,0,unknown
Polycarbonate (PC),6.75,TianGong LCA historical archive,0.2.0; commit c50cab7961e0b0ca11c26a600bd4c90fea6c6c32,unknown,unknown,unknown,unknown,unknown,unknown,unknown,unknown,unknown,2026-10-08,unknown,unmatched,No defensible matching production process found in archive,0,0,0,0,unknown,unknown,0,unknown
Acrylonitrile-butadiene-styrene (ABS),30.00,TianGong LCA historical archive,0.2.0; commit c50cab7961e0b0ca11c26a600bd4c90fea6c6c32,unknown,unknown,unknown,unknown,unknown,unknown,unknown,unknown,unknown,2026-10-08,unknown,unmatched,No defensible matching production process found in archive,0,0,0,0,unknown,unknown,0,unknown
Silicone,12.00,TianGong LCA historical archive,0.2.0; commit c50cab7961e0b0ca11c26a600bd4c90fea6c6c32,unknown,unknown,unknown,unknown,unknown,unknown,unknown,unknown,unknown,2026-10-08,unknown,unmatched,No defensible matching production process found in archive,0,0,0,0,unknown,unknown,0,unknown
LDPE packaging foil,6.30,TianGong LCA historical archive,0.2.0; commit c50cab7961e0b0ca11c26a600bd4c90fea6c6c32,Low Density Polyethylene(LDPE) production;LDPE,218eaad4-dfc5-4a21-abd3-2e9dd0997fe3,00.01.005,CN,2020,1ff32f1d-77ac-4a6f-b91c-67b08b13e55a,1.0,kg,https://github.com/tiangong-lca/data/blob/c50cab7961e0b0ca11c26a600bd4c90fea6c6c32/tiangong_lca_data/processes/218eaad4-dfc5-4a21-abd3-2e9dd0997fe3.xml,2026-10-08,6125a9d100477622aa8e9627c54c99cb41c1b02a01257523860c3f86e438aa7f,provisional,LDPE resin production; film extrusion is not included,2,3,0,1,"Unit process, black box",,0,"When applying this data set on LDPE production for Life Cycle Assessment, ensure that the scope of your assessment includes the early-stage refining of crude oil to derive ethylene and propylene. Account for different polymerization methods that lead to the production of both HDPE and LDPE. Use process-based data from China when available, as it reflects the national grid structure for electricity input. If Chinese data is not available, European data should be used. For consistency across LCAs, use the ReCiPe method (Europe H/H) as the impact assessment method, considering 1 kg of LDPE resin production as the functional unit. Attention should be paid to technological applicability and regional differences in electricity mix when using this data."
Cardboard packaging,131.50,TianGong LCA historical archive,0.2.0; commit c50cab7961e0b0ca11c26a600bd4c90fea6c6c32,"Corrugated carton production ; corrugated cardboard ; cutting, printing, packaging",b0a8d882-9859-4069-b59b-90dd19dc98a0,00.01.005,CN,2017,4f197bec-7b3b-11dd-ad8b-0800200c9a66,1000.0,kg,https://github.com/tiangong-lca/data/blob/c50cab7961e0b0ca11c26a600bd4c90fea6c6c32/tiangong_lca_data/processes/b0a8d882-9859-4069-b59b-90dd19dc98a0.xml,2026-10-08,4e98d5c7da91e2acea4d5b013e17383e7961cb901cca8deb2d97e4315de24668,provisional,Corrugated carton proxy; BOM specifies cardboard without grade,5,1,0,2,"Unit process, single operation",,0,"When using this data set for Life Cycle Assessment, it is important to account for the entire life cycle of the corrugated carton including raw material acquisition (such as paper), production processes (cutting, printing, and packaging), distribution, usage, and end-of-life scenarios (recycling or disposal). Specific attention should be given to the recovery rates and recycling efficiencies if the corrugated cartons are part of a recycling program. The geographical and technological scope of the data should be considered to ensure representativeness for the intended study area. Assumptions and limitations associated with the dataset should be clearly understood and documented in the study."
